Polinomio-Multiplicaciones-sucesivas
evaluado a,1000000.0,3.0000040000020003E54
Promedio de tiempo en nanosegundos,248
Polinomio-Recursivo
evaluado a,1000000.0,3.0000040000020003E54
Promedio de tiempo en nanosegundos,323
Polinomio Par/Impar Recursivo
evaluado a,1000000.0,3.0000040000020003E54
Promedio de tiempo en nanosegundos,289
Polinomio-Par/Impar-Iterativo
evaluado a,1000000.0,3.0000040000020003E54
Promedio de tiempo en nanosegundos,398
Polinomio-Programacion-Dinamica
evaluado a,1000000.0,3.0000040000020003E54
Promedio de tiempo en nanosegundos,326
Polinomio-Programacion-Dinamica-Mejorado
evaluado a,1000000.0,3.0000040000020003E54
Promedio de tiempo en nanosegundos,272
Polinomio-de-Horner
evaluado a,1000000.0,3.0000040000019997E54
Promedio de tiempo en nanosegundos,307
Polinomio-Pow
evaluado a,1000000.0,3.0000040000020003E54
Promedio de tiempo en nanosegundos,421
